<?xml version="1.0" encoding="UTF-8"?>
<!DOCTYPE mapper PUBLIC "//mybatis.org/DTD Mapper 3.0//EN" "./mybatis-3-mapper.dtd" >
<mapper namespace="kr.ezen.jung.dao.JungBoardDAO">
	<!-- 페이징을 위한 List 뿌리기 -->
	<select id="selectList" parameterType="hashmap" resultType="JungBoardVO">
		select
			R.*
		from
			(
				select
					rownum rnum, Q.*
				from
					(
						select
							*
						from
							jung_board
						<where>
						<if test="1 == 1">
							deleted = 0
						</if>
						<if test="search != null">
							and
							subject like '%' || #{search} || '%'
							or content like '%' || #{search} || '%'
						</if>
						</where>
						order by
							idx desc
					) Q
				where
					<![CDATA[
						rownum <= #{endNo}
					]]> 
			) R
		where
			<![CDATA[
				rnum >= #{startNo}
			]]>
	</select>
	
	<!-- 유저가 쓴 글 보여주기 -->
	<select id="selectByRef" parameterType="int" resultType="JungBoardVO">
		select * from jung_board where ref = #{idx} order by idx desc
	</select>
	
	<select id="selectByIdx" parameterType="int" resultType="JungBoardVO">
		select * from jung_board where idx = #{idx}
	</select>
	
	<select id="selectCount" resultType="int">
		select count(*) from jung_board
	</select>
	
	<insert id="insert" parameterType="JungBoardVO">
		insert into jung_board values(jung_board_idx_seq.nextval,#{ref},#{title},#{content},0,sysdate,0)
	</insert>
	
	<update id="update" parameterType="JungBoardVO">
		update jung_board set title=#{title}, content = #{content}, regdate = sysdate where idx = #{idx}
	</update>
	
	<update id="updateReadCount" parameterType="int">
		update jung_board set readCount = readCount + 1 where idx = #{idx}
	</update>
	
	<update id="deleteFake" parameterType="int">
		update jung_board set deleted = 1 where idx = #{idx}
	</update>
	
	<delete id="deleteReal" parameterType="int">
		delete from jung_board where idx = #{idx}
	</delete>
	
	<!-- 좋아요 개수 가져오기 -->
	<select id="countHeart" parameterType="int" resultType="int">
		select count(*) from  heart_tb where boradRef=#{boradRef}
	</select>
	 
	
	
	
</mapper>