<?xml version="1.0" encoding="UTF-8"?>
<!DOCTYPE mapper PUBLIC "//mybatis.org/DTD Mapper 3.0//EN" "./mybatis-3-mapper.dtd" >
<mapper namespace="kr.ezen.jung.dao.JungCommentDAO">
	
	<!-- board의 idx에 해당하는 댓글 주기 -->
	<select id="selectByRef" parameterType="int" resultType="JungCommentVO">
		select * from jung_comment where userRef = #{idx}
	</select>
	
	<insert id="insert" parameterType="JungCommentVO">
		insert into jung_comment values(jung_comment_seq_idx.nextval, #{boardRef}, #{userRef}, #{reply}, sysdate)
	</insert>
	
	<update id="update" parameterType="JungCommentVO">
		update jung_comment set reply = #{reply}, regDate = sysdate where idx = #{idx}
	</update>
	
	<delete id="delete" parameterType="int">
		delete from jung_comment where idx = #{idx}
	</delete>
	<!-- 댓글 수정 및 삭제 저장은 나중에 -->
</mapper>