<?xml version="1.0" encoding="UTF-8"?>
<!DOCTYPE mapper PUBLIC "//mybatis.org/DTD Mapper 3.0//EN" "./mybatis-3-mapper.dtd" >
<mapper namespace="kr.ezen.jung.dao.JungFileBoardDAO">

<!-- 
	<select id="selectfileByBoardIdx" parameterType="int" resultType="JungFileBoardVO">
		select * from jung_file_board where boardIdx=#{boardIdx}
	</select>

 -->
	
	<!-- 유저가 쓴 글 보여주기 -->
	<select id="selectByRef" parameterType="int" resultType="JungFileBoardVO">
		select * from jung_file_board where ref = #{idx} order by idx desc
	</select>
	
	<!-- 전체 가져오기 -->
	<select id="selectByIdx" parameterType="int" resultType="JungFileBoardVO">
		select * from jung_file_board where idx = #{idx}
	</select>
	
	<!-- 업로드한 파일 개수 가져오기 -->
	<select id="selectCount" resultType="int">
		select count(*) from jung_file_board
	</select>
	
	
	<insert id="insert" parameterType="JungFileBoardVO">
		insert into jung_file_board values(jung_file_board_idx_seq.nextval,#{ref},#{filepath},#{url})
	</insert>
	
	
	<update id="update" parameterType="JungFileBoardVO">
		update jung_file_board set filepath=#{filepath}, url = #{url} where idx = #{idx}
	</update>
	<!-- 
	<update id="updateReadCount" parameterType="int">
		update jung_file_board set readCount = readCount + 1 where idx = #{idx}
	</update>
	 -->
<!--	
	<update id="deleteFake" parameterType="int">
		update jung_file_board set deleted = 1 where idx = #{idx}
	</update>
-->	
	<delete id="deleteReal" parameterType="int">
		delete from jung_file_board where idx = #{idx}
	</delete>
	
	
	 
	 
	
	
	
</mapper>